teacher_name,env,n_iters,mean,std,n_eval_episodes,use
src/teachers/envBeamRiderNoFrameskip-v4_20211206-021605_n_iters100000.zip,BeamRiderNoFrameskip-v4,100000,560,103.2434017,10,
src/teachers/envBeamRiderNoFrameskip-v4_20211206-021605_n_iters1000000.zip,BeamRiderNoFrameskip-v4,1000000,790.4,271.9011585,10,TRUE
src/teachers/envBeamRiderNoFrameskip-v4_20211206-021605_n_iters10000000.zip,BeamRiderNoFrameskip-v4,10000000,3696,2084.608165,10,
src/teachers/envBeamRiderNoFrameskip-v4_20211206-021605_n_iters200000.zip,BeamRiderNoFrameskip-v4,200000,690,75.37108199,10,
src/teachers/envBeamRiderNoFrameskip-v4_20211206-021605_n_iters2000000.zip,BeamRiderNoFrameskip-v4,2000000,864.8,281.7079339,10,
src/teachers/envBeamRiderNoFrameskip-v4_20211206-021605_n_iters20000000.zip,BeamRiderNoFrameskip-v4,20000000,9572.2,3809.38551,10,
src/teachers/envBeamRiderNoFrameskip-v4_20211206-021605_n_iters40000000.zip,BeamRiderNoFrameskip-v4,40000000,12881.8,3185.102629,10,TRUE
src/teachers/envBeamRiderNoFrameskip-v4_20211206-021605_n_iters500000.zip,BeamRiderNoFrameskip-v4,500000,679.6,210.2832376,10,
src/teachers/envBeamRiderNoFrameskip-v4_20211206-021605_n_iters5000000.zip,BeamRiderNoFrameskip-v4,5000000,2405.4,1502.077508,10,TRUE
src/teachers/envBowlingNoFrameskip-v4_20211206-021633_n_iters100000.zip,BowlingNoFrameskip-v4,100000,0,0,10,
src/teachers/envBowlingNoFrameskip-v4_20211206-021633_n_iters1000000.zip,BowlingNoFrameskip-v4,1000000,0,0,10,
src/teachers/envBowlingNoFrameskip-v4_20211206-021633_n_iters10000000.zip,BowlingNoFrameskip-v4,10000000,56,0,10,
src/teachers/envBowlingNoFrameskip-v4_20211206-021633_n_iters200000.zip,BowlingNoFrameskip-v4,200000,0,0,10,
src/teachers/envBowlingNoFrameskip-v4_20211206-021633_n_iters2000000.zip,BowlingNoFrameskip-v4,2000000,58,0,10,
src/teachers/envBowlingNoFrameskip-v4_20211206-021633_n_iters20000000.zip,BowlingNoFrameskip-v4,20000000,52,0,10,
src/teachers/envBowlingNoFrameskip-v4_20211206-021633_n_iters40000000.zip,BowlingNoFrameskip-v4,40000000,52,0,10,TRUE
src/teachers/envBowlingNoFrameskip-v4_20211206-021633_n_iters500000.zip,BowlingNoFrameskip-v4,500000,30,0,10,TRUE
src/teachers/envBowlingNoFrameskip-v4_20211206-021633_n_iters5000000.zip,BowlingNoFrameskip-v4,5000000,56,0,10,TRUE
src/teachers/envFreewayNoFrameskip-v0_20211205_185209_n_iters100000.zip,FreewayNoFrameskip-v0,100000,21,1.414213562,10,
src/teachers/envFreewayNoFrameskip-v0_20211205_185209_n_iters1000000.zip,FreewayNoFrameskip-v0,1000000,21.4,1.113552873,10,
src/teachers/envFreewayNoFrameskip-v0_20211205_185209_n_iters200000.zip,FreewayNoFrameskip-v0,200000,21.5,1.118033989,10,
src/teachers/envFreewayNoFrameskip-v0_20211205_185209_n_iters500000.zip,FreewayNoFrameskip-v0,500000,21.3,1.615549442,10,
src/teachers/envFreewayNoFrameskip-v0_20211205-042645_n_iters10000000.zip,FreewayNoFrameskip-v0,10000000,32,0.894427191,10,
src/teachers/envFreewayNoFrameskip-v0_20211205-185209_n_iters2000000.zip,FreewayNoFrameskip-v0,2000000,20.6,0.663324958,10,
src/teachers/envFreewayNoFrameskip-v0_20211206-204642_n_iters100000.zip,FreewayNoFrameskip-v0,100000,0,0,10,
src/teachers/envFreewayNoFrameskip-v0_20211206-205357_n_iters100000.zip,FreewayNoFrameskip-v0,100000,0,0,10,
src/teachers/envFreewayNoFrameskip-v0_20211206-205357_n_iters200000.zip,FreewayNoFrameskip-v0,200000,0,0,10,
src/teachers/envFreewayNoFrameskip-v0_20211206-210725_n_iters10000.zip,FreewayNoFrameskip-v0,10000,0,0,10,
src/teachers/envFreewayNoFrameskip-v0_20211206-210725_n_iters20000.zip,FreewayNoFrameskip-v0,20000,21.5,1.62788206,10,
src/teachers/envFreewayNoFrameskip-v0_20211206-210725_n_iters300000.zip,FreewayNoFrameskip-v0,300000,22,1.61245155,10,
src/teachers/envFreewayNoFrameskip-v0_20211206-210725_n_iters50000.zip,FreewayNoFrameskip-v0,50000,20.8,1.077032961,10,
src/teachers/envFreewayNoFrameskip-v0_20211206-212931_n_iters12000.zip,FreewayNoFrameskip-v0,12000,0,0,10,
src/teachers/envFreewayNoFrameskip-v0_20211206-212931_n_iters15000.zip,FreewayNoFrameskip-v0,15000,0,0,10,
src/teachers/envMsPacmanNoFrameskip-v4_20211206-021910_n_iters100000.zip,MsPacmanNoFrameskip-v4,100000,210,0,10,
src/teachers/envMsPacmanNoFrameskip-v4_20211206-021910_n_iters1000000.zip,MsPacmanNoFrameskip-v4,1000000,210,0,10,
src/teachers/envMsPacmanNoFrameskip-v4_20211206-021910_n_iters10000000.zip,MsPacmanNoFrameskip-v4,10000000,1705,118.8486432,10,TRUE
src/teachers/envMsPacmanNoFrameskip-v4_20211206-021910_n_iters200000.zip,MsPacmanNoFrameskip-v4,200000,210,0,10,
src/teachers/envMsPacmanNoFrameskip-v4_20211206-021910_n_iters2000000.zip,MsPacmanNoFrameskip-v4,2000000,704,309.0372146,10,TRUE
src/teachers/envMsPacmanNoFrameskip-v4_20211206-021910_n_iters20000000.zip,MsPacmanNoFrameskip-v4,20000000,2374,46.08687449,10,
src/teachers/envMsPacmanNoFrameskip-v4_20211206-021910_n_iters40000000.zip,MsPacmanNoFrameskip-v4,40000000,2790,484.0867691,10,TRUE
src/teachers/envMsPacmanNoFrameskip-v4_20211206-021910_n_iters500000.zip,MsPacmanNoFrameskip-v4,500000,210,0,10,
src/teachers/envMsPacmanNoFrameskip-v4_20211206-021910_n_iters5000000.zip,MsPacmanNoFrameskip-v4,5000000,1445,230.618733,10,
src/teachers/envPongNoFrameskip-v4_20211206-021704_n_iters100000.zip,PongNoFrameskip-v4,100000,-21,0,10,
src/teachers/envPongNoFrameskip-v4_20211206-021704_n_iters1000000.zip,PongNoFrameskip-v4,1000000,-8.2,7.639371702,10,TRUE
src/teachers/envPongNoFrameskip-v4_20211206-021704_n_iters10000000.zip,PongNoFrameskip-v4,10000000,20,0,10,
src/teachers/envPongNoFrameskip-v4_20211206-021704_n_iters200000.zip,PongNoFrameskip-v4,200000,-21,0,10,
src/teachers/envPongNoFrameskip-v4_20211206-021704_n_iters2000000.zip,PongNoFrameskip-v4,2000000,6.4,9.07964757,10,TRUE
src/teachers/envPongNoFrameskip-v4_20211206-021704_n_iters20000000.zip,PongNoFrameskip-v4,20000000,21,0,10,
src/teachers/envPongNoFrameskip-v4_20211206-021704_n_iters40000000.zip,PongNoFrameskip-v4,40000000,21,0,10,TRUE
src/teachers/envPongNoFrameskip-v4_20211206-021704_n_iters500000.zip,PongNoFrameskip-v4,500000,-21,0,10,
src/teachers/envPongNoFrameskip-v4_20211206-021704_n_iters5000000.zip,PongNoFrameskip-v4,5000000,20,0,10,
src/teachers/envQbertNoFrameskip-v4_20211206-021759_n_iters100000.zip,QbertNoFrameskip-v4,100000,150,0,10,
src/teachers/envQbertNoFrameskip-v4_20211206-021759_n_iters1000000.zip,QbertNoFrameskip-v4,1000000,607.5,80.66132902,10,TRUE
src/teachers/envQbertNoFrameskip-v4_20211206-021759_n_iters10000000.zip,QbertNoFrameskip-v4,10000000,5582.5,1664.971847,10,TRUE
src/teachers/envQbertNoFrameskip-v4_20211206-021759_n_iters200000.zip,QbertNoFrameskip-v4,200000,150,0,10,
src/teachers/envQbertNoFrameskip-v4_20211206-021759_n_iters2000000.zip,QbertNoFrameskip-v4,2000000,750,0,10,
src/teachers/envQbertNoFrameskip-v4_20211206-021759_n_iters20000000.zip,QbertNoFrameskip-v4,20000000,14235,5032.981224,10,
src/teachers/envQbertNoFrameskip-v4_20211206-021759_n_iters40000000.zip,QbertNoFrameskip-v4,40000000,16312.5,237.5,10,TRUE
src/teachers/envQbertNoFrameskip-v4_20211206-021759_n_iters500000.zip,QbertNoFrameskip-v4,500000,125,0,10,
src/teachers/envQbertNoFrameskip-v4_20211206-021759_n_iters5000000.zip,QbertNoFrameskip-v4,5000000,4195,15,10,
src/teachers/envUpNDownNoFrameskip-v4_20211206-021938_n_iters100000.zip,UpNDownNoFrameskip-v4,100000,20,0,10,
src/teachers/envUpNDownNoFrameskip-v4_20211206-021938_n_iters1000000.zip,UpNDownNoFrameskip-v4,1000000,550,0,10,
src/teachers/envUpNDownNoFrameskip-v4_20211206-021938_n_iters10000000.zip,UpNDownNoFrameskip-v4,10000000,17986,5410.774806,10,
src/teachers/envUpNDownNoFrameskip-v4_20211206-021938_n_iters200000.zip,UpNDownNoFrameskip-v4,200000,20,0,10,
src/teachers/envUpNDownNoFrameskip-v4_20211206-021938_n_iters2000000.zip,UpNDownNoFrameskip-v4,2000000,7712,5185.348204,10,
src/teachers/envUpNDownNoFrameskip-v4_20211206-021938_n_iters20000000.zip,UpNDownNoFrameskip-v4,20000000,877796,50588.85079,10,TRUE
src/teachers/envUpNDownNoFrameskip-v4_20211206-021938_n_iters40000000.zip,UpNDownNoFrameskip-v4,40000000,383208,85167.74634,10,TRUE
src/teachers/envUpNDownNoFrameskip-v4_20211206-021938_n_iters500000.zip,UpNDownNoFrameskip-v4,500000,550,0,10,TRUE
src/teachers/envUpNDownNoFrameskip-v4_20211206-021938_n_iters5000000.zip,UpNDownNoFrameskip-v4,5000000,265448,103053.6735,10,
